customer_id,complaints,downtime_hours,resolution_time,duration_time,sentiment,churn
1,4,13.49,28,42,-1,1
2,2,11.99,3,36,0,0
3,2,14.69,47,2,1,0
4,9,18.46,34,20,1,0
5,6,11.12,37,62,-1,1
6,0,20.74,4,64,1,0
7,6,21.91,46,46,-1,1
8,8,14.67,20,37,-1,1
9,6,5.23,2,65,0,0
10,3,17.42,32,10,-1,1
11,3,12.61,26,22,0,0
12,6,9.73,1,53,1,0
13,9,7.96,13,49,0,1
14,8,16.3,13,54,1,0
15,5,5.01,28,22,1,0
16,1,8.96,2,64,0,0
17,8,18.91,27,54,0,1
18,6,7.02,4,25,1,0
19,3,17.91,9,4,1,0
20,9,17.42,49,38,0,1
21,2,15.35,43,41,0,1
22,7,20.48,31,57,0,1
23,7,7.0,35,17,1,0
24,6,7.85,10,39,1,0
25,10,7.69,34,52,-1,1
26,2,23.5,17,5,0,0
27,7,16.27,13,24,0,0
28,1,4.34,13,33,1,0
29,8,18.49,20,50,0,1
30,7,21.09,45,38,1,1
31,4,21.49,13,32,1,0
32,6,18.35,9,44,-1,1
33,5,0.57,10,36,-1,1
34,8,3.39,35,38,-1,1
35,6,9.88,8,42,-1,1
36,7,21.32,28,38,-1,1
37,10,4.98,8,47,-1,1
38,6,13.13,1,44,-1,1
39,10,21.8,36,27,-1,1
40,4,13.84,15,33,-1,1
41,2,3.33,15,10,0,0
42,6,0.12,42,59,0,1
43,2,8.23,28,53,1,0
44,2,5.65,35,31,1,0
45,3,3.12,37,4,-1,1
46,8,2.62,50,1,1,0
47,8,17.27,5,18,-1,1
48,5,7.28,18,32,-1,1
49,2,4.37,47,21,-1,1
50,6,5.34,8,23,0,0
51,4,9.43,38,55,1,0
52,0,13.24,41,19,1,0
53,9,10.71,10,44,1,0
54,1,12.83,17,43,1,0
55,10,7.1,41,12,0,1
56,6,13.2,47,16,0,1
57,3,11.78,44,2,0,0
58,1,8.78,46,61,-1,1
59,7,13.39,34,51,-1,1
60,3,19.23,7,40,0,0
61,1,0.04,10,36,0,0
62,6,12.14,35,31,0,1
63,6,13.02,19,51,-1,1
64,9,17.71,43,13,0,1
65,7,1.99,32,43,0,1
66,0,20.55,14,53,-1,1
67,6,16.01,3,43,1,0
68,0,12.0,35,28,-1,1
69,9,21.56,17,33,-1,1
70,10,22.7,22,2,0,1
71,7,12.27,20,1,1,0
72,3,12.39,1,57,1,0
73,9,15.76,29,40,-1,1
74,8,13.92,20,27,-1,1
75,10,10.01,17,51,0,1
76,2,21.24,19,22,1,0
77,10,3.94,8,23,0,0
78,2,8.56,15,7,1,0
79,5,11.21,11,27,0,0
80,3,15.86,29,41,1,0
81,6,11.27,34,1,0,0
82,9,3.61,32,49,-1,1
83,8,10.42,22,38,0,1
84,6,14.51,5,10,-1,1
85,8,21.72,42,11,0,1
86,7,11.49,7,60,0,1
87,6,19.58,47,61,0,1
88,6,11.75,28,38,1,0
89,3,0.72,4,29,-1,0
90,9,7.0,17,44,0,1
91,7,16.68,34,22,-1,1
92,0,22.11,23,15,1,0
93,7,5.99,24,27,1,0
94,6,11.75,12,57,0,1
95,9,14.78,6,54,0,1
96,0,19.83,14,51,1,0
97,0,4.06,46,8,1,0
98,1,7.03,8,48,1,0
99,7,7.68,18,2,-1,1
100,8,5.67,21,47,1,0
101,5,11.1,17,45,-1,1
102,4,15.03,5,8,1,0
103,0,18.78,30,41,1,0
104,9,9.57,2,25,-1,1
105,6,10.91,16,38,-1,1
106,2,0.83,31,24,-1,1
107,0,4.42,24,44,-1,1
108,8,5.33,14,36,-1,1
109,1,5.52,14,30,1,0
110,9,0.47,3,49,1,0
111,3,11.75,33,45,-1,1
112,3,13.63,44,30,-1,1
113,5,6.43,20,30,1,0
114,3,12.47,14,8,-1,1
115,6,18.18,4,9,-1,1
116,1,20.48,42,48,0,1
117,5,21.48,28,54,0,1
118,1,15.67,47,15,0,1
119,9,23.41,3,2,-1,1
120,8,5.26,5,9,0,0
121,0,2.44,45,28,0,0
122,5,9.51,28,53,-1,1
123,2,12.07,43,19,-1,1
124,10,12.36,3,40,-1,1
125,4,7.09,4,34,1,0
126,5,9.8,26,12,1,0
127,4,21.62,1,51,-1,1
128,5,17.03,24,61,0,1
129,10,12.33,8,22,1,0
130,6,20.66,16,51,-1,1
131,1,21.1,1,7,1,0
132,6,6.96,32,22,-1,1
133,7,20.0,17,8,-1,1
134,9,10.77,37,37,-1,1
135,2,6.25,17,10,-1,0
136,3,18.62,44,34,1,0
137,1,11.28,46,45,1,0
138,6,14.93,37,16,0,1
139,1,15.99,2,53,1,0
140,5,5.85,13,24,-1,1
141,7,21.5,7,39,0,1
142,8,6.71,25,57,1,0
143,4,10.82,20,5,0,0
144,0,18.7,29,56,-1,1
145,4,11.32,48,27,1,0
146,8,9.32,17,4,0,0
147,1,15.07,10,63,-1,1
148,7,22.85,24,39,0,1
149,8,6.65,37,26,1,0
150,1,16.85,24,61,1,0
151,7,0.42,4,51,1,0
152,7,4.01,43,60,0,1
153,6,21.08,31,22,1,0
154,3,20.43,32,9,0,1
155,0,7.64,6,13,0,0
156,5,13.53,46,36,0,1
157,5,13.43,21,28,0,0
158,5,15.55,8,52,1,0
159,8,22.49,49,65,1,1
160,0,9.49,39,18,1,0
161,4,17.22,1,28,0,0
162,4,9.07,21,29,0,0
163,3,22.81,20,19,0,0
164,10,4.41,15,20,0,0
165,4,22.69,22,57,0,1
166,7,0.57,34,21,0,0
167,0,3.99,14,37,1,0
168,6,21.38,3,20,1,0
169,2,6.99,9,43,0,0
170,6,9.21,8,12,0,0
171,3,18.39,39,10,1,0
172,8,0.68,50,52,1,0
173,9,5.76,2,50,-1,1
174,6,22.22,25,33,1,0
175,6,1.53,19,9,-1,0
176,1,20.69,32,1,1,0
177,4,19.63,9,60,1,0
178,1,11.36,14,41,1,0
179,3,6.79,12,55,0,0
180,10,7.1,38,53,-1,1
181,4,7.46,10,42,-1,1
182,0,16.19,31,7,-1,1
183,10,1.63,33,47,1,0
184,2,2.18,27,37,-1,1
185,3,12.05,27,7,0,0
186,8,19.31,23,16,-1,1
187,4,5.29,23,51,1,0
188,7,22.42,16,19,-1,1
189,0,21.05,26,60,0,1
190,4,16.42,12,1,1,0
191,6,6.27,15,41,0,0
192,3,16.15,40,8,0,1
193,4,18.24,14,10,-1,1
194,1,14.25,10,14,0,0
195,8,3.48,8,65,-1,1
196,8,13.12,13,57,-1,1
197,5,15.59,7,21,-1,1
198,9,3.64,25,65,1,0
199,7,16.11,28,45,1,0
200,7,17.06,2,23,0,0
201,8,7.38,47,21,1,0
202,4,16.45,11,38,-1,1
203,7,1.46,26,5,0,0
204,7,5.35,50,18,-1,1
205,3,11.22,24,50,1,0
206,1,6.87,7,31,0,0
207,10,22.26,18,40,0,1
208,5,6.16,11,29,1,0
209,8,14.79,19,62,1,0
210,5,23.94,5,20,1,0
211,10,5.97,7,10,-1,1
212,10,17.7,10,28,-1,1
213,1,23.43,11,3,1,0
214,1,3.6,39,30,-1,1
215,6,4.14,35,42,-1,1
216,4,3.09,2,8,1,0
217,6,15.9,2,36,1,0
218,0,10.33,28,37,1,0
219,2,19.45,2,60,-1,1
220,3,20.03,46,8,-1,1
221,9,7.78,5,19,1,0
222,2,14.04,46,12,0,1
223,0,9.68,48,28,-1,1
224,1,17.25,25,14,-1,1
225,3,7.93,43,58,0,1
226,4,17.73,26,43,0,1
227,3,20.84,13,31,1,0
228,7,1.61,29,63,0,1
229,1,22.07,4,53,1,0
230,6,8.27,12,18,0,0
231,7,0.92,30,15,1,0
232,0,21.74,28,42,-1,1
233,5,6.0,35,17,-1,1
234,9,2.45,25,64,0,1
235,0,16.45,18,55,0,1
236,1,13.75,44,10,0,0
237,2,22.15,31,32,-1,1
238,8,8.16,17,4,0,0
239,2,15.89,16,47,1,0
240,0,10.12,34,23,0,0
241,9,15.14,22,52,-1,1
242,9,19.67,44,51,1,1
243,10,4.79,14,9,0,0
244,7,10.3,7,56,1,0
245,8,18.87,10,63,-1,1
246,3,3.37,31,16,1,0
247,7,23.75,28,58,-1,1
248,3,14.47,1,59,0,0
249,9,5.67,18,6,-1,1
250,3,17.02,17,15,0,0
251,8,19.71,39,24,1,0
252,9,10.68,40,44,1,0
253,4,5.67,39,38,1,0
254,7,22.97,41,39,0,1
255,7,16.73,28,3,1,0
256,1,6.95,11,52,1,0
257,6,19.5,48,46,-1,1
258,0,22.66,7,16,-1,1
259,4,22.07,33,12,1,0
260,3,20.43,36,53,1,1
261,2,16.92,38,45,0,1
262,3,17.21,26,34,0,1
263,7,1.35,45,20,0,0
264,4,16.45,23,29,-1,1
265,3,22.4,19,59,-1,1
266,2,13.96,42,53,1,0
267,6,10.66,22,9,0,0
268,4,9.42,44,13,1,0
269,1,0.22,47,22,0,0
270,9,23.68,8,8,-1,1
271,7,20.83,19,38,1,0
272,9,3.57,4,45,-1,1
273,10,20.35,37,39,1,1
274,5,1.53,23,46,1,0
275,8,17.71,1,60,-1,1
276,2,5.21,17,36,-1,1
277,10,3.07,13,21,1,0
278,6,11.7,8,52,1,0
279,6,14.18,24,21,-1,1
280,7,13.49,43,34,0,1
281,7,18.88,14,32,0,1
282,1,18.16,35,22,-1,1
283,3,13.28,34,56,-1,1
284,7,23.99,49,9,0,1
285,3,17.51,5,17,1,0
286,8,8.03,31,64,-1,1
287,2,14.24,40,38,1,0
288,7,11.97,17,45,0,1
289,10,5.89,45,24,1,0
290,3,11.37,9,57,0,0
291,1,1.8,13,49,-1,1
292,7,17.9,31,32,0,1
293,6,8.54,34,31,0,1
294,10,0.06,3,20,1,0
295,0,16.05,23,17,0,0
296,4,3.62,44,9,1,0
297,9,7.53,20,13,-1,1
298,1,3.07,6,62,1,0
299,0,6.8,45,9,1,0
300,1,14.22,43,19,1,0
301,2,0.59,23,49,-1,1
302,6,17.04,15,17,-1,1
303,3,10.1,9,22,1,0
304,1,17.7,3,1,0,0
305,10,18.09,4,12,-1,1
306,4,19.49,10,30,1,0
307,0,9.89,4,53,0,0
308,9,22.37,17,35,1,0
309,2,14.31,44,13,0,1
310,9,20.78,19,25,1,0
311,9,7.21,17,13,0,0
312,5,2.67,38,7,1,0
313,7,13.81,40,30,-1,1
314,2,23.35,9,31,1,0
315,0,4.18,49,36,-1,1
316,5,14.5,41,24,1,0
317,7,2.16,46,27,1,0
318,7,23.0,31,49,-1,1
319,4,12.05,21,59,1,0
320,1,5.79,12,22,0,0
321,1,21.47,28,62,0,1
322,4,22.93,18,36,1,0
323,4,13.15,9,1,1,0
324,7,23.74,20,54,-1,1
325,5,7.75,28,44,1,0
326,3,10.39,47,50,0,1
327,4,16.21,20,17,0,0
328,9,10.58,15,60,0,1
329,10,3.43,9,28,1,0
330,6,8.53,35,54,-1,1
331,8,12.06,30,34,0,1
332,8,16.38,46,38,-1,1
333,6,13.52,46,26,-1,1
334,9,12.95,33,34,-1,1
335,4,0.22,21,47,0,0
336,2,9.07,22,1,0,0
337,8,15.95,49,37,1,1
338,4,23.45,12,35,1,0
339,5,12.6,4,21,-1,1
340,3,0.54,45,13,1,0
341,2,13.71,46,39,1,0
342,1,13.18,17,11,0,0
343,5,20.45,49,33,-1,1
344,0,10.94,50,22,-1,1
345,0,12.88,4,29,0,0
346,3,4.52,7,50,-1,1
347,6,19.62,16,47,1,0
348,10,18.47,20,50,-1,1
349,4,23.33,46,12,-1,1
350,9,2.49,22,50,0,1
351,2,9.93,26,20,1,0
352,1,0.51,24,1,0,0
353,4,20.36,40,44,0,1
354,3,12.62,33,33,1,0
355,8,6.97,28,58,1,0
356,4,22.01,33,53,0,1
357,10,18.26,28,47,1,1
358,0,20.99,16,42,-1,1
359,0,13.97,33,36,-1,1
360,4,6.07,10,24,1,0
361,5,4.34,11,28,-1,1
362,5,13.95,44,55,-1,1
363,1,2.57,8,59,-1,1
364,6,8.18,43,32,1,0
365,1,16.57,1,13,0,0
366,4,16.18,47,38,1,0
367,7,9.65,36,14,-1,1
368,10,10.84,23,25,-1,1
369,0,3.31,32,64,-1,1
370,8,1.11,30,31,1,0
371,2,20.4,27,62,0,1
372,10,23.54,1,15,1,0
373,2,0.64,40,18,0,0
374,2,1.0,42,37,0,0
375,4,18.88,27,62,0,1
376,8,9.51,2,13,1,0
377,5,17.57,12,29,1,0
378,3,5.22,22,62,0,1
379,9,23.76,47,64,-1,1
380,7,3.24,1,3,1,0
381,1,1.79,40,31,0,0
382,1,0.87,28,41,1,0
383,8,2.93,25,39,-1,1
384,10,0.85,25,22,0,0
385,9,4.17,43,21,1,0
386,1,22.53,38,47,-1,1
387,10,14.88,43,64,1,1
388,6,5.76,17,13,1,0
389,7,0.11,23,4,0,0
390,2,10.06,28,28,0,0
391,9,3.3,5,22,-1,1
392,2,22.74,36,14,0,1
393,1,13.85,10,20,1,0
394,10,19.5,16,8,-1,1
395,9,22.08,13,31,1,0
396,3,19.0,46,45,-1,1
397,4,18.58,38,4,1,0
398,5,1.73,35,45,1,0
399,3,16.74,24,25,-1,1
400,10,8.14,48,12,1,0
401,3,18.36,24,41,1,0
402,7,11.85,24,58,1,0
403,5,19.19,2,21,1,0
404,1,19.73,40,48,1,0
405,10,4.42,21,38,-1,1
406,10,6.74,50,40,1,1
407,8,13.5,18,37,0,1
408,6,8.5,27,43,-1,1
409,6,9.26,23,6,1,0
410,8,21.67,11,21,0,1
411,9,17.01,44,23,-1,1
412,3,14.06,40,20,0,1
413,1,6.18,41,3,-1,1
414,9,16.6,15,47,1,0
415,5,19.69,46,53,0,1
416,2,0.26,21,12,-1,0
417,5,17.91,3,11,0,0
418,9,3.72,3,11,1,0
419,8,22.95,17,31,-1,1
420,2,11.39,36,47,-1,1
421,7,23.86,50,32,0,1
422,7,17.34,46,14,0,1
423,4,16.32,32,22,1,0
424,4,9.56,10,42,-1,1
425,6,14.82,36,14,-1,1
426,0,5.87,28,16,1,0
427,7,6.02,11,9,0,0
428,9,22.6,20,46,-1,1
429,10,12.52,39,41,0,1
430,1,21.15,17,15,0,0
431,5,21.6,49,23,1,1
432,7,4.23,19,55,0,1
433,10,3.82,14,32,1,0
434,0,18.34,15,15,1,0
435,2,15.88,31,39,-1,1
436,3,7.15,44,35,-1,1
437,3,19.11,7,47,0,0
438,4,15.54,17,17,1,0
439,9,11.03,37,9,0,1
440,10,19.77,41,33,-1,1
441,1,16.21,41,43,-1,1
442,6,7.88,36,16,-1,1
443,3,6.42,41,33,0,1
444,0,20.62,5,2,1,0
445,4,13.46,19,30,0,0
446,4,5.32,37,64,-1,1
447,10,22.14,20,49,1,1
448,7,3.96,41,10,0,0
449,4,6.63,38,1,-1,1
450,9,8.57,16,15,1,0
451,8,8.76,28,61,0,1
452,0,7.84,8,49,-1,1
453,9,21.33,1,8,0,0
454,10,3.65,8,19,0,0
455,1,18.8,49,42,-1,1
456,8,2.42,28,30,-1,1
457,2,8.88,46,12,0,0
458,4,22.51,9,31,1,0
459,9,6.87,18,53,0,1
460,1,5.2,29,49,0,0
461,8,13.15,29,63,1,1
462,5,17.91,37,56,0,1
463,0,20.88,29,6,-1,1
464,3,19.96,14,47,-1,1
465,8,11.02,30,39,0,1
466,10,14.83,15,64,-1,1
467,7,5.93,16,53,0,0
468,9,7.11,14,4,0,0
469,7,21.03,20,20,1,0
470,1,23.49,1,10,-1,1
471,4,10.68,42,56,1,0
472,3,22.12,46,32,1,0
473,0,19.7,40,60,0,1
474,8,1.05,26,50,1,0
475,3,20.31,12,19,0,0
476,0,8.0,25,51,0,0
477,3,5.06,19,62,0,0
478,9,23.42,26,30,-1,1
479,4,23.24,10,44,0,1
480,9,20.64,31,20,-1,1
481,3,16.2,8,50,1,0
482,8,20.26,17,11,0,0
483,1,0.49,46,4,1,0
484,2,2.13,17,13,-1,0
485,6,12.58,26,55,-1,1
486,6,11.0,13,57,-1,1
487,10,4.72,36,4,-1,1
488,1,12.3,49,44,1,0
489,4,21.81,45,10,-1,1
490,9,17.39,17,1,1,0
491,1,23.11,25,39,-1,1
492,5,15.41,12,29,1,0
493,10,18.85,10,9,1,0
494,7,14.56,6,16,-1,1
495,4,22.15,22,13,1,0
496,8,13.84,38,45,1,0
497,10,12.3,6,7,1,0
498,0,9.93,7,14,0,0
499,5,7.78,1,18,1,0
500,9,11.83,32,46,-1,1
501,8,1.48,48,63,1,1
502,2,22.06,33,12,0,1
503,8,5.43,28,29,1,0
504,6,16.77,40,49,1,1
505,6,1.34,31,60,1,0
506,7,12.22,26,61,-1,1
507,6,10.42,42,30,0,1
508,4,22.83,5,11,0,0
509,0,4.28,37,3,0,0
510,2,14.76,4,65,1,0
511,7,23.99,38,10,1,0
512,10,12.01,15,38,-1,1
513,6,5.84,42,63,1,0
514,9,14.38,15,60,1,0
515,6,15.35,10,19,1,0
516,4,0.47,37,35,-1,1
517,0,6.44,25,40,-1,1
518,10,1.5,18,63,-1,1
519,1,21.6,40,3,0,1
520,5,12.16,3,36,0,0
521,4,9.05,36,42,0,1
522,8,16.88,46,12,-1,1
523,2,19.76,4,43,1,0
524,3,12.39,14,4,0,0
525,0,7.46,2,37,-1,0
526,6,3.8,41,13,-1,1
527,4,14.7,7,53,-1,1
528,0,10.61,31,22,0,0
529,9,19.15,26,31,-1,1
530,5,9.55,21,43,1,0
531,3,16.41,46,53,1,1
532,8,23.25,8,24,1,0
533,10,19.69,46,65,-1,1
534,9,5.49,7,31,0,0
535,5,16.26,50,59,1,1
536,5,22.58,17,33,0,1
537,4,7.99,9,60,-1,1
538,2,1.9,9,8,-1,0
539,0,3.58,16,49,1,0
540,3,21.52,48,10,-1,1
541,7,10.44,5,1,0,0
542,10,0.47,50,55,1,1
543,7,10.56,4,41,0,0
544,7,11.13,32,55,-1,1
545,6,7.85,29,49,1,0
546,4,9.9,15,27,1,0
547,10,22.16,32,46,-1,1
548,5,13.34,47,54,0,1
549,4,14.54,5,24,-1,1
550,7,4.1,18,50,0,0
551,6,12.41,18,13,1,0
552,3,16.7,36,4,-1,1
553,0,9.68,36,28,1,0
554,8,11.92,34,43,1,0
555,7,15.85,44,59,1,1
556,4,19.52,27,31,0,1
557,10,11.64,5,9,1,0
558,3,23.71,36,33,1,0
559,3,2.68,47,44,-1,1
560,8,3.33,10,20,0,0
561,5,19.11,38,64,1,1
562,6,2.56,45,38,1,0
563,3,13.76,4,5,-1,0
564,8,11.63,26,65,0,1
565,8,11.42,3,45,0,0
566,3,17.24,40,38,1,0
567,8,6.1,36,36,1,0
568,3,15.97,7,28,-1,1
569,4,15.25,36,58,0,1
570,4,15.97,20,21,0,0
571,2,23.39,22,55,0,1
572,8,7.64,26,17,0,0
573,10,4.52,44,53,1,1
574,0,23.83,33,31,-1,1
575,3,14.93,3,18,1,0
576,5,2.65,44,58,-1,1
577,9,1.65,38,42,-1,1
578,9,0.54,27,35,1,0
579,7,9.86,13,12,-1,1
580,2,5.4,6,14,0,0
581,1,14.05,23,30,1,0
582,3,13.84,50,55,-1,1
583,2,18.32,4,65,0,1
584,1,23.13,15,28,1,0
585,2,14.07,30,43,-1,1
586,8,10.99,14,62,0,1
587,4,18.84,39,48,0,1
588,1,13.71,31,65,0,1
589,2,11.11,8,39,-1,1
590,5,3.3,11,22,1,0
591,6,1.91,49,23,0,1
592,7,17.5,9,47,1,0
593,2,9.8,22,39,1,0
594,2,4.28,45,38,0,1
595,7,14.56,17,15,-1,1
596,6,19.35,21,46,-1,1
597,0,1.6,19,6,1,0
598,3,1.1,20,3,-1,0
599,10,17.74,49,17,-1,1
600,7,10.8,19,47,0,1
601,4,7.84,3,42,1,0
602,8,3.13,34,15,-1,1
603,5,8.45,42,59,1,0
604,10,7.8,11,52,0,1
605,3,1.18,50,53,1,0
606,3,8.32,24,13,0,0
607,10,23.57,39,11,0,1
608,1,10.72,26,51,-1,1
609,5,10.55,12,31,-1,1
610,9,2.54,6,26,-1,1
611,2,7.42,45,58,-1,1
612,3,21.94,5,56,-1,1
613,7,9.08,27,24,-1,1
614,3,21.29,16,54,0,1
615,2,6.19,6,46,0,0
616,4,14.51,40,7,0,0
617,9,6.82,44,56,-1,1
618,9,2.07,22,20,-1,1
619,4,14.02,47,36,0,1
620,2,2.78,38,22,1,0
621,1,5.57,29,16,-1,1
622,6,13.35,47,30,0,1
623,7,9.02,26,35,0,1
624,4,15.77,35,65,1,1
625,7,19.75,15,57,1,0
626,3,14.33,19,22,-1,1
627,2,12.33,14,65,0,1
628,6,14.86,9,9,1,0
629,4,0.59,10,13,-1,0
630,6,20.57,50,4,1,0
631,8,10.74,38,58,-1,1
632,5,6.31,36,46,-1,1
633,2,1.02,16,30,-1,0
634,5,16.31,12,58,1,0
635,1,22.82,9,64,1,0
636,3,22.89,28,43,1,0
637,4,11.55,38,48,0,1
638,4,21.38,30,10,1,0
639,6,6.51,49,34,1,0
640,3,0.4,33,26,-1,1
641,0,10.21,47,37,-1,1
642,4,22.7,7,32,-1,1
643,6,3.14,43,4,1,0
644,8,20.19,48,12,-1,1
645,7,23.65,5,63,-1,1
646,5,3.43,5,38,0,0
647,6,0.84,9,18,0,0
648,9,5.2,49,5,1,0
649,6,10.8,47,56,-1,1
650,8,15.71,4,13,-1,1
651,7,14.12,24,46,1,0
652,8,3.54,44,7,0,0
653,4,4.89,14,16,-1,0
654,0,18.26,15,30,0,0
655,6,1.08,26,4,1,0
656,3,12.14,27,30,-1,1
657,10,3.22,16,64,0,1
658,5,15.6,30,46,0,1
659,10,15.91,42,14,1,0
660,5,16.4,42,26,0,1
661,7,0.64,44,16,0,0
662,0,14.52,19,2,1,0
663,0,2.71,43,58,1,0
664,5,14.68,30,65,-1,1
665,6,11.95,2,7,1,0
666,9,5.54,35,49,-1,1
667,5,13.98,22,56,-1,1
668,6,8.29,2,20,0,0
669,0,19.27,28,28,0,0
670,6,23.87,6,25,-1,1
671,1,2.35,23,6,0,0
672,0,17.15,11,32,1,0
673,1,16.1,43,16,0,1
674,9,16.95,22,1,0,0
675,5,21.47,17,22,-1,1
676,0,8.61,46,40,0,1
677,7,13.75,33,11,-1,1
678,0,7.93,20,13,1,0
679,3,1.26,9,51,1,0
680,6,7.35,25,41,1,0
681,0,21.17,20,47,0,1
682,8,18.52,20,31,-1,1
683,9,1.34,27,7,-1,1
684,8,18.56,40,42,1,1
685,5,12.93,43,15,0,1
686,4,14.73,35,18,1,0
687,4,19.55,23,51,1,0
688,10,2.93,29,29,0,0
689,8,13.21,35,19,-1,1
690,10,15.12,30,11,-1,1
691,0,12.62,25,22,0,0
692,4,16.44,6,12,-1,1
693,9,22.88,6,29,-1,1
694,0,22.82,28,60,1,0
695,5,16.05,27,49,-1,1
696,3,18.4,14,44,-1,1
697,4,3.85,9,49,1,0
698,4,7.31,38,52,0,1
699,9,11.85,23,15,-1,1
700,1,7.87,29,14,1,0
701,5,19.23,3,57,1,0
702,1,19.12,3,11,1,0
703,1,15.76,19,9,1,0
704,4,2.95,50,35,-1,1
705,7,22.72,47,21,-1,1
706,8,10.8,18,32,1,0
707,9,9.82,39,29,-1,1
708,7,8.04,21,23,1,0
709,10,7.28,33,39,0,1
710,4,9.45,2,9,-1,0
711,10,12.14,36,47,0,1
712,4,10.74,39,20,1,0
713,0,5.01,45,14,1,0
714,8,22.69,20,46,1,0
715,10,21.56,24,48,1,1
716,0,18.21,49,7,-1,1
717,8,14.52,46,27,-1,1
718,0,1.83,43,11,-1,1
719,9,7.95,26,31,1,0
720,2,14.73,28,22,1,0
721,4,19.64,23,37,1,0
722,5,16.75,1,52,0,0
723,10,6.33,30,11,-1,1
724,9,23.43,30,23,-1,1
725,2,7.12,46,21,-1,1
726,5,0.81,34,24,0,0
727,8,15.17,40,26,-1,1
728,4,21.22,33,60,-1,1
729,8,22.18,6,65,0,1
730,8,4.15,22,6,0,0
731,1,14.74,2,32,0,0
732,6,9.77,13,18,0,0
733,8,13.82,33,14,1,0
734,10,23.24,39,55,-1,1
735,1,22.14,31,53,-1,1
736,8,10.84,8,52,0,1
737,6,16.57,18,1,0,0
738,7,16.69,6,24,-1,1
739,2,10.78,23,9,0,0
740,4,9.97,22,4,0,0
741,8,1.09,27,12,0,0
742,9,23.35,47,16,-1,1
743,9,12.22,4,4,0,0
744,5,21.82,40,22,0,1
745,5,8.22,29,11,0,0
746,1,11.59,47,16,0,0
747,4,7.61,5,48,1,0
748,7,1.6,27,39,0,0
749,5,5.62,8,46,0,0
750,5,5.77,43,9,0,0
751,1,16.16,17,39,0,0
752,4,18.77,14,64,-1,1
753,8,21.52,37,5,-1,1
754,3,6.19,27,56,0,1
755,2,21.42,35,33,0,1
756,2,1.07,44,30,-1,1
757,8,17.22,18,7,1,0
758,4,16.37,26,40,1,0
759,10,12.77,49,32,1,1
760,10,14.82,11,46,1,0
761,10,11.59,17,1,-1,1
762,10,17.24,36,51,1,1
763,6,11.47,26,9,-1,1
764,3,0.83,11,28,1,0
765,6,0.57,11,63,1,0
766,6,10.97,24,50,-1,1
767,3,15.66,25,48,0,1
768,0,0.62,29,34,1,0
769,0,3.29,4,64,-1,1
770,3,6.34,48,50,-1,1
771,8,19.4,30,26,-1,1
772,2,15.67,25,64,1,0
773,9,11.03,7,5,0,0
774,2,16.52,30,20,0,0
775,2,10.03,45,11,1,0
776,3,14.8,22,49,0,1
777,10,1.19,7,24,0,0
778,10,11.66,8,39,-1,1
779,5,1.45,22,1,1,0
780,2,1.6,40,14,-1,1
781,8,15.64,19,33,0,1
782,10,5.21,20,35,-1,1
783,5,21.52,25,1,-1,1
784,5,0.82,30,61,1,0
785,1,18.04,19,22,1,0
786,4,16.82,2,64,-1,1
787,9,22.12,18,60,1,1
788,1,7.9,27,25,-1,1
789,9,17.81,2,38,0,1
790,7,12.8,35,12,0,1
791,2,17.95,26,7,0,0
792,9,7.92,6,37,-1,1
793,10,15.88,33,40,1,0
794,6,5.65,9,47,0,0
795,7,5.36,15,37,-1,1
796,4,12.51,42,8,-1,1
797,6,3.83,17,7,0,0
798,3,2.13,23,14,-1,0
799,2,5.51,49,21,1,0
800,3,18.55,44,11,1,0
801,9,4.33,48,3,0,1
802,7,15.24,10,23,0,0
803,10,22.22,23,29,0,1
804,3,20.09,32,1,1,0
805,1,23.95,19,54,0,1
806,7,15.27,19,64,0,1
807,9,21.12,9,48,-1,1
808,1,17.35,50,50,-1,1
809,7,13.12,19,23,0,0
810,9,20.83,28,12,1,0
811,6,10.54,3,22,0,0
812,2,10.55,42,18,-1,1
813,8,20.91,22,52,-1,1
814,4,2.64,42,22,-1,1
815,5,22.52,49,53,0,1
816,7,22.36,41,19,1,0
817,9,21.21,41,52,-1,1
818,7,19.22,30,11,1,0
819,2,18.67,47,5,0,1
820,8,16.83,33,26,0,1
821,10,3.75,29,32,0,1
822,1,1.81,15,64,-1,1
823,4,14.52,39,56,-1,1
824,2,8.49,2,56,-1,1
825,3,13.27,47,27,-1,1
826,8,4.05,25,16,0,0
827,4,10.96,4,31,-1,1
828,9,9.51,38,12,-1,1
829,3,21.47,38,10,1,0
830,0,19.93,21,16,-1,1
831,1,21.03,6,64,1,0
832,6,21.84,35,54,0,1
833,6,22.07,5,50,1,0
834,7,20.77,34,52,1,1
835,1,10.2,41,36,0,1
836,9,1.46,44,61,1,0
837,10,16.32,18,30,0,1
838,9,16.11,3,20,1,0
839,5,0.04,38,60,1,0
840,8,5.25,39,63,-1,1
841,2,14.88,47,34,0,1
842,1,22.12,30,52,0,1
843,4,13.32,27,11,0,0
844,3,18.51,38,1,0,0
845,9,17.32,2,12,1,0
846,5,12.66,6,22,-1,1
847,7,1.08,17,57,-1,1
848,0,12.34,50,21,0,1
849,4,20.85,24,21,0,1
850,6,20.6,23,49,0,1
851,0,4.99,45,63,1,0
852,4,4.24,38,48,0,1
853,2,5.85,49,46,-1,1
854,3,9.28,49,6,1,0
855,4,2.24,17,58,0,0
856,1,8.23,31,11,-1,1
857,4,22.19,2,47,0,1
858,4,5.57,30,35,1,0
859,2,22.78,49,20,1,0
860,10,15.42,27,55,-1,1
861,10,10.42,3,46,1,0
862,9,20.0,4,11,-1,1
863,7,3.5,43,15,1,0
864,2,14.67,12,62,0,1
865,8,6.98,37,12,0,0
866,8,5.24,16,15,-1,1
867,6,9.81,7,38,1,0
868,6,13.81,5,64,-1,1
869,9,4.56,46,65,1,1
870,2,0.24,42,25,0,0
871,3,3.75,13,54,-1,1
872,6,22.37,5,37,0,1
873,10,19.0,25,14,0,1
874,2,19.92,29,42,-1,1
875,0,3.78,11,18,1,0
876,2,7.41,39,7,1,0
877,1,2.99,47,56,0,1
878,10,10.52,20,39,1,0
879,2,3.57,41,4,1,0
880,0,3.96,14,9,-1,0
881,7,2.77,9,59,0,0
882,9,23.32,13,16,1,0
883,10,17.65,16,28,1,0
884,7,11.0,11,37,1,0
885,7,14.95,8,45,1,0
886,6,17.76,3,11,-1,1
887,6,4.86,15,8,-1,0
888,6,3.12,48,6,1,0
889,5,2.92,32,8,-1,1
890,1,12.26,2,32,1,0
891,8,14.18,2,35,0,0
892,2,4.86,27,5,-1,0
893,7,21.91,22,42,-1,1
894,1,16.84,18,28,-1,1
895,2,14.91,16,42,0,0
896,5,8.05,3,15,1,0
897,8,23.78,22,37,1,0
898,8,15.53,1,15,1,0
899,5,21.41,35,64,0,1
900,10,15.36,1,8,-1,1
901,4,16.21,42,8,1,0
902,4,7.13,12,14,1,0
903,2,15.35,34,48,1,0
904,10,23.69,21,45,0,1
905,9,18.23,41,11,1,0
906,10,10.69,40,19,0,1
907,0,6.52,31,51,0,0
908,9,19.14,50,21,-1,1
909,2,3.0,41,28,0,0
910,6,18.08,10,32,-1,1
911,8,23.23,44,35,1,1
912,1,13.46,34,25,0,0
913,2,10.42,45,48,0,1
914,5,22.47,41,30,-1,1
915,8,7.01,41,16,-1,1
916,3,23.92,10,45,-1,1
917,8,17.92,32,58,-1,1
918,7,20.6,27,32,1,0
919,1,18.23,31,23,0,0
920,8,18.19,50,40,-1,1
921,10,18.49,36,46,1,1
922,10,3.58,19,55,-1,1
923,5,23.38,36,37,1,0
924,8,15.9,31,43,-1,1
925,6,7.39,22,48,1,0
926,8,2.6,44,21,-1,1
927,8,4.31,22,54,-1,1
928,5,8.75,5,38,1,0
929,8,0.52,42,15,0,0
930,2,10.88,1,12,0,0
931,2,12.73,43,36,-1,1
932,10,16.61,4,52,-1,1
933,7,3.0,13,38,0,0
934,8,21.09,10,18,-1,1
935,3,3.11,37,64,0,1
936,3,8.77,38,30,-1,1
937,3,17.22,26,5,-1,1
938,6,19.81,50,57,1,1
939,0,15.6,10,39,0,0
940,5,17.62,36,17,1,0
941,6,11.2,49,20,-1,1
942,8,14.86,19,41,1,0
943,2,16.27,20,43,-1,1
944,2,12.15,25,63,0,1
945,7,7.14,32,40,-1,1
946,5,9.85,36,31,0,1
947,7,20.49,5,63,0,1
948,5,0.3,9,37,0,0
949,7,3.79,34,10,-1,1
950,4,9.35,49,44,-1,1
951,9,1.1,3,22,-1,0
952,2,4.86,46,48,0,1
953,4,8.23,29,59,0,1
954,6,19.18,41,64,0,1
955,1,22.85,10,57,-1,1
956,4,7.67,4,34,0,0
957,7,16.31,8,46,-1,1
958,8,5.68,21,7,-1,1
959,8,17.03,41,24,1,0
960,6,14.78,28,43,1,0
961,4,20.28,43,3,0,1
962,3,4.27,40,40,1,0
963,1,14.66,5,42,-1,1
964,9,21.01,13,17,0,1
965,2,18.52,31,4,1,0
966,1,7.4,41,64,-1,1
967,7,18.92,6,36,1,0
968,5,14.84,3,28,0,0
969,7,11.48,37,39,0,1
970,0,13.25,43,12,-1,1
971,10,0.88,22,2,0,0
972,4,1.4,24,12,1,0
973,0,3.83,44,61,-1,1
974,2,19.05,49,41,0,1
975,9,3.51,28,28,-1,1
976,10,21.6,39,14,1,0
977,4,22.92,41,27,1,0
978,6,22.96,25,46,-1,1
979,6,15.17,30,26,0,1
980,5,12.15,11,20,1,0
981,3,17.34,26,24,0,0
982,0,22.55,44,11,0,1
983,2,16.15,18,64,-1,1
984,8,6.41,9,11,1,0
985,7,13.02,48,10,-1,1
986,0,20.77,38,30,1,0
987,6,3.57,35,26,0,0
988,4,11.43,22,53,1,0
989,0,5.5,44,20,0,0
990,4,16.75,44,25,-1,1
991,9,3.99,7,14,1,0
992,10,9.1,12,17,1,0
993,6,13.84,30,60,0,1
994,9,2.74,31,12,1,0
995,8,2.75,22,51,1,0
996,3,14.34,12,53,0,0
997,10,7.68,12,25,-1,1
998,10,5.34,36,46,1,0
999,0,11.02,12,38,-1,1
1000,5,19.23,47,29,1,0
